{"playerPosition":{"x":18.589767456054689,"y":-1.1700150966644288,"z":0.0},"PlayerStats":{"instanceID":21542},"CurrentLevelIndex":0,"Levels":[{"UUID":"P_00","_enemies":[{"UUID":"231,9629-Angel-1","isKilled":false,"position":{"x":17.042604446411134,"y":4.990600109100342,"z":0.1728200912475586}},{"UUID":"256,5124-Crawler-2","isKilled":true,"position":{"x":21.231689453125,"y":-0.7524805665016174,"z":-0.18850421905517579}}],"_collectibles":[]}],"bossesDone":[]}